{
  "file_name": "019M72177_N991-796129_20241213.json",
  "entity_type_error_rate": {
    "MEDICINE": 0.02666666666666667,
    "PROBLEM": 0.20535714285714285,
    "PROCEDURE": 0.6190476190476191,
    "TEST": 0.05263157894736842,
    "VITAL_NAME": 0.34375,
    "IMMUNIZATION": 0.0,
    "MEDICAL_DEVICE": 0.21052631578947367,
    "MENTAL_STATUS": 0.5,
    "SDOH": 0.5,
    "SOCIAL_HISTORY": 0.4857142857142857
  },
  "assertion_error_rate": {
    "POSITIVE": 0.06666666666666667,
    "NEGATIVE": 0.17721518987341772,
    "UNCERTAIN": 0.0
  },
  "temporality_error_rate": {
    "CURRENT": 0.25474254742547425,
    "CLINICAL_HISTORY": 0.05128205128205128,
    "UPCOMING": 0.0,
    "UNCERTAIN": 0.0
  },
  "subject_error_rate": {
    "PATIENT": 0.0,
    "FAMILY_MEMBER": 0.0
  },
  "event_date_accuracy": 1.0,
  "attribute_completeness": 0.874098124098124
}