{
  "file_name": "104W15947_J727-290663_20241213.json",
  "entity_type_error_rate": {
    "MEDICINE": 0.024096385542168676,
    "PROBLEM": 0.017482517482517484,
    "PROCEDURE": 0.2528409090909091,
    "TEST": 0.025806451612903226,
    "VITAL_NAME": 0.019230769230769232,
    "IMMUNIZATION": 0.0625,
    "MEDICAL_DEVICE": 0.0,
    "MENTAL_STATUS": 0.07142857142857142,
    "SDOH": 0.03333333333333333,
    "SOCIAL_HISTORY": 0.03571428571428571
  },
  "assertion_error_rate": {
    "POSITIVE": 0.11046511627906977,
    "NEGATIVE": 0.136,
    "UNCERTAIN": 0.0
  },
  "temporality_error_rate": {
    "CURRENT": 0.26248399487836105,
    "CLINICAL_HISTORY": 0.22535211267605634,
    "UPCOMING": 0.2839506172839506,
    "UNCERTAIN": 0.0
  },
  "subject_error_rate": {
    "PATIENT": 0.0,
    "FAMILY_MEMBER": 0.12
  },
  "event_date_accuracy": 1.0,
  "attribute_completeness": 0.9155228758169935
}