{
  "file_name": "161W10351_N993-588097_20241126.json",
  "entity_type_error_rate": {
    "MEDICINE": 0.0,
    "PROBLEM": 0.040983606557377046,
    "PROCEDURE": 0.4712230215827338,
    "TEST": 0.009615384615384616,
    "VITAL_NAME": 0.0,
    "IMMUNIZATION": 0.0,
    "MEDICAL_DEVICE": 0.125,
    "MENTAL_STATUS": 0.0,
    "SDOH": 0.05555555555555555,
    "SOCIAL_HISTORY": 0.5
  },
  "assertion_error_rate": {
    "POSITIVE": 0.14538558786346398,
    "NEGATIVE": 0.5633802816901409,
    "UNCERTAIN": 0.0
  },
  "temporality_error_rate": {
    "CURRENT": 0.06307490144546649,
    "CLINICAL_HISTORY": 0.48717948717948717,
    "UPCOMING": 0.05263157894736842,
    "UNCERTAIN": 0.0
  },
  "subject_error_rate": {
    "PATIENT": 0.0,
    "FAMILY_MEMBER": 0.0
  },
  "event_date_accuracy": 1.0,
  "attribute_completeness": 0.8576779026217229
}