{
  "file_name": "218M89247_J736-108989_20241211.json",
  "entity_type_error_rate": {
    "MEDICINE": 0.16666666666666666,
    "PROBLEM": 0.0125,
    "PROCEDURE": 0.43283582089552236,
    "TEST": 0.008695652173913044,
    "VITAL_NAME": 0.0,
    "IMMUNIZATION": 0.0,
    "MEDICAL_DEVICE": 0.25,
    "MENTAL_STATUS": 1.0,
    "SDOH": 0.5,
    "SOCIAL_HISTORY": 0.0
  },
  "assertion_error_rate": {
    "POSITIVE": 0.06334841628959276,
    "NEGATIVE": 0.34782608695652173,
    "UNCERTAIN": 0.0
  },
  "temporality_error_rate": {
    "CURRENT": 0.14782608695652175,
    "CLINICAL_HISTORY": 0.0,
    "UPCOMING": 0.0,
    "UNCERTAIN": 0.0
  },
  "subject_error_rate": {
    "PATIENT": 0.0,
    "FAMILY_MEMBER": 0.0
  },
  "event_date_accuracy": 1.0,
  "attribute_completeness": 0.7033096926713949
}