{
  "file_name": "279W08692_N993-538576_20241223.json",
  "entity_type_error_rate": {
    "MEDICINE": 0.043010752688172046,
    "PROBLEM": 0.10714285714285714,
    "PROCEDURE": 0.32558139534883723,
    "TEST": 0.007352941176470588,
    "VITAL_NAME": 0.1111111111111111,
    "IMMUNIZATION": 1.0,
    "MEDICAL_DEVICE": 0.09523809523809523,
    "MENTAL_STATUS": 0.8333333333333334,
    "SDOH": 0.125,
    "SOCIAL_HISTORY": 0.25
  },
  "assertion_error_rate": {
    "POSITIVE": 0.07334273624823695,
    "NEGATIVE": 0.1981981981981982,
    "UNCERTAIN": 0.0
  },
  "temporality_error_rate": {
    "CURRENT": 0.01977401129943503,
    "CLINICAL_HISTORY": 0.03409090909090909,
    "UPCOMING": 0.029411764705882353,
    "UNCERTAIN": 0.0
  },
  "subject_error_rate": {
    "PATIENT": 0.0,
    "FAMILY_MEMBER": 0.0
  },
  "event_date_accuracy": 1.0,
  "attribute_completeness": 0.8777910685805423
}