{
  "file_name": "279W08692_N993-538576_20241223.json",
  "entity_type_error_rate": {
    "MEDICINE": 0.0,
    "PROBLEM": 0.0,
    "PROCEDURE": 0.24709302325581395,
    "TEST": 0.007352941176470588,
    "VITAL_NAME": 0.0,
    "IMMUNIZATION": 0.0,
    "MEDICAL_DEVICE": 0.0,
    "MENTAL_STATUS": 0.0,
    "SDOH": 0.0,
    "SOCIAL_HISTORY": 0.0
  },
  "assertion_error_rate": {
    "POSITIVE": 0.23554301833568406,
    "NEGATIVE": 0.0,
    "UNCERTAIN": 0.0
  },
  "temporality_error_rate": {
    "CURRENT": 0.01977401129943503,
    "CLINICAL_HISTORY": 0.03409090909090909,
    "UPCOMING": 0.029411764705882353,
    "UNCERTAIN": 0.0
  },
  "subject_error_rate": {
    "PATIENT": 0.013563501849568433,
    "FAMILY_MEMBER": 0.0
  },
  "event_date_accuracy": 1.0,
  "attribute_completeness": 0.8777910685805423
}