{
  "file_name": "336W08434_J721-109845_20241127.json",
  "entity_type_error_rate": {
    "MEDICINE": 0.0,
    "PROBLEM": 0.03571428571428571,
    "PROCEDURE": 0.17006802721088435,
    "TEST": 0.0,
    "VITAL_NAME": 0.1,
    "IMMUNIZATION": 0.0,
    "MEDICAL_DEVICE": 0.0,
    "MENTAL_STATUS": 0.0,
    "SDOH": 0.0,
    "SOCIAL_HISTORY": 0.0
  },
  "assertion_error_rate": {
    "POSITIVE": 0.17297297297297298,
    "NEGATIVE": 0.0,
    "UNCERTAIN": 0.0
  },
  "temporality_error_rate": {
    "CURRENT": 0.0898876404494382,
    "CLINICAL_HISTORY": 0.0,
    "UPCOMING": 0.14285714285714285,
    "UNCERTAIN": 0.0
  },
  "subject_error_rate": {
    "PATIENT": 0.0,
    "FAMILY_MEMBER": 0.0
  },
  "event_date_accuracy": 1.0,
  "attribute_completeness": 0.9253623188405797
}