{
  "file_name": "363M98433_J619-215908_20241128.json",
  "entity_type_error_rate": {
    "MEDICINE": 0.013333333333333334,
    "PROBLEM": 0.03125,
    "PROCEDURE": 0.39730639730639733,
    "TEST": 0.3939393939393939,
    "VITAL_NAME": 0.5555555555555556,
    "IMMUNIZATION": 0.06896551724137931,
    "MEDICAL_DEVICE": 0.5789473684210527,
    "MENTAL_STATUS": 0.0,
    "SDOH": 0.0,
    "SOCIAL_HISTORY": 0.0
  },
  "assertion_error_rate": {
    "POSITIVE": 0.03187250996015936,
    "NEGATIVE": 0.22857142857142856,
    "UNCERTAIN": 0.0
  },
  "temporality_error_rate": {
    "CURRENT": 0.11547911547911548,
    "CLINICAL_HISTORY": 0.014492753623188406,
    "UPCOMING": 0.0,
    "UNCERTAIN": 0.0
  },
  "subject_error_rate": {
    "PATIENT": 0.0,
    "FAMILY_MEMBER": 1.0
  },
  "event_date_accuracy": 1.0,
  "attribute_completeness": 0.9196642685851318
}