{
  "file_name": "371W13971_J722-244055_20241128.json",
  "entity_type_error_rate": {
    "MEDICINE": 0.039735099337748346,
    "PROBLEM": 0.004694835680751174,
    "PROCEDURE": 0.36893203883495146,
    "TEST": 0.018867924528301886,
    "VITAL_NAME": 0.0,
    "IMMUNIZATION": 0.07142857142857142,
    "MEDICAL_DEVICE": 0.13333333333333333,
    "MENTAL_STATUS": 0.3333333333333333,
    "SDOH": 0.25,
    "SOCIAL_HISTORY": 0.6
  },
  "assertion_error_rate": {
    "POSITIVE": 0.10819165378670788,
    "NEGATIVE": 0.15517241379310345,
    "UNCERTAIN": 0.0
  },
  "temporality_error_rate": {
    "CURRENT": 0.11922503725782414,
    "CLINICAL_HISTORY": 0.009259259259259259,
    "UPCOMING": 0.11538461538461539,
    "UNCERTAIN": 0.0
  },
  "subject_error_rate": {
    "PATIENT": 0.0,
    "FAMILY_MEMBER": 0.0
  },
  "event_date_accuracy": 1.0,
  "attribute_completeness": 0.9274322169059012
}