{
  "file_name": "371W13971_J722-244055_20241128.json",
  "entity_type_error_rate": {
    "MEDICINE": 0.026490066225165563,
    "PROBLEM": 0.0,
    "PROCEDURE": 0.27184466019417475,
    "TEST": 0.0,
    "VITAL_NAME": 0.0,
    "IMMUNIZATION": 0.0,
    "MEDICAL_DEVICE": 0.06666666666666667,
    "MENTAL_STATUS": 0.0,
    "SDOH": 0.0,
    "SOCIAL_HISTORY": 0.0
  },
  "assertion_error_rate": {
    "POSITIVE": 0.2581143740340031,
    "NEGATIVE": 0.0,
    "UNCERTAIN": 0.0
  },
  "temporality_error_rate": {
    "CURRENT": 0.11922503725782414,
    "CLINICAL_HISTORY": 0.009259259259259259,
    "UPCOMING": 0.11538461538461539,
    "UNCERTAIN": 0.0
  },
  "subject_error_rate": {
    "PATIENT": 0.022919179734620022,
    "FAMILY_MEMBER": 0.0
  },
  "event_date_accuracy": 1.0,
  "attribute_completeness": 0.9274322169059012
}