{
  "file_name": "415M99841_J619-212434_20241204.json",
  "entity_type_error_rate": {
    "MEDICINE": 0.0,
    "PROBLEM": 0.0045045045045045045,
    "PROCEDURE": 0.10071942446043165,
    "TEST": 0.02702702702702703,
    "VITAL_NAME": 0.0,
    "IMMUNIZATION": 0.08333333333333333,
    "MEDICAL_DEVICE": 0.14285714285714285,
    "MENTAL_STATUS": 0.0,
    "SDOH": 0.0,
    "SOCIAL_HISTORY": 0.0
  },
  "assertion_error_rate": {
    "POSITIVE": 0.338768115942029,
    "NEGATIVE": 0.0,
    "UNCERTAIN": 0.0
  },
  "temporality_error_rate": {
    "CURRENT": 0.06333973128598848,
    "CLINICAL_HISTORY": 0.5064935064935064,
    "UPCOMING": 0.0,
    "UNCERTAIN": 0.0
  },
  "subject_error_rate": {
    "PATIENT": 0.091324200913242,
    "FAMILY_MEMBER": 0.5
  },
  "event_date_accuracy": 1.0,
  "attribute_completeness": 0.9562468386444106
}