{
  "file_name": "415M99841_J619-212434_20241205.json",
  "entity_type_error_rate": {
    "MEDICINE": 0.03529411764705882,
    "PROBLEM": 0.049107142857142856,
    "PROCEDURE": 0.23674911660777384,
    "TEST": 0.02857142857142857,
    "VITAL_NAME": 0.375,
    "IMMUNIZATION": 0.0,
    "MEDICAL_DEVICE": 0.14285714285714285,
    "MENTAL_STATUS": 0.6153846153846154,
    "SDOH": 0.3333333333333333,
    "SOCIAL_HISTORY": 1.0
  },
  "assertion_error_rate": {
    "POSITIVE": 0.07913669064748201,
    "NEGATIVE": 0.07692307692307693,
    "UNCERTAIN": 0.0
  },
  "temporality_error_rate": {
    "CURRENT": 0.07358490566037736,
    "CLINICAL_HISTORY": 0.5066666666666667,
    "UPCOMING": 0.017543859649122806,
    "UNCERTAIN": 0.0
  },
  "subject_error_rate": {
    "PATIENT": 0.0,
    "FAMILY_MEMBER": 0.5
  },
  "event_date_accuracy": 1.0,
  "attribute_completeness": 0.9514200298953662
}