{
  "file_name": "415M99841_J619-212434_20241204.json",
  "entity_type_error_rate": {
    "MEDICINE": 0.0379746835443038,
    "PROBLEM": 0.04504504504504504,
    "PROCEDURE": 0.2158273381294964,
    "TEST": 0.08108108108108109,
    "VITAL_NAME": 0.0,
    "IMMUNIZATION": 0.08333333333333333,
    "MEDICAL_DEVICE": 0.14285714285714285,
    "MENTAL_STATUS": 0.6153846153846154,
    "SDOH": 0.3333333333333333,
    "SOCIAL_HISTORY": 0.0
  },
  "assertion_error_rate": {
    "POSITIVE": 0.07789855072463768,
    "NEGATIVE": 0.047619047619047616,
    "UNCERTAIN": 0.0
  },
  "temporality_error_rate": {
    "CURRENT": 0.06333973128598848,
    "CLINICAL_HISTORY": 0.5064935064935064,
    "UPCOMING": 0.0,
    "UNCERTAIN": 0.0
  },
  "subject_error_rate": {
    "PATIENT": 0.0,
    "FAMILY_MEMBER": 0.5
  },
  "event_date_accuracy": 1.0,
  "attribute_completeness": 0.9562468386444106
}