{
  "file_name": "439W18516_J721-176816_20241211.json",
  "entity_type_error_rate": {
    "MEDICINE": 0.05714285714285714,
    "PROBLEM": 0.0,
    "PROCEDURE": 0.14035087719298245,
    "TEST": 0.02040816326530612,
    "VITAL_NAME": 0.0,
    "IMMUNIZATION": 0.0,
    "MEDICAL_DEVICE": 0.0,
    "MENTAL_STATUS": 0.0,
    "SDOH": 0.0,
    "SOCIAL_HISTORY": 0.0
  },
  "assertion_error_rate": {
    "POSITIVE": 0.2692307692307692,
    "NEGATIVE": 0.0,
    "UNCERTAIN": 0.0
  },
  "temporality_error_rate": {
    "CURRENT": 0.10975609756097561,
    "CLINICAL_HISTORY": 0.08333333333333333,
    "UPCOMING": 0.0,
    "UNCERTAIN": 0.0
  },
  "subject_error_rate": {
    "PATIENT": 0.0,
    "FAMILY_MEMBER": 0.0
  },
  "event_date_accuracy": 1.0,
  "attribute_completeness": 0.8397435897435898
}