{
  "file_name": "439W18516_J721-176816_20241211.json",
  "entity_type_error_rate": {
    "MEDICINE": 0.05714285714285714,
    "PROBLEM": 0.0,
    "PROCEDURE": 0.17543859649122806,
    "TEST": 0.061224489795918366,
    "VITAL_NAME": 0.14285714285714285,
    "IMMUNIZATION": 0.0,
    "MEDICAL_DEVICE": 0.2,
    "MENTAL_STATUS": 0.125,
    "SDOH": 0.6666666666666666,
    "SOCIAL_HISTORY": 0.0
  },
  "assertion_error_rate": {
    "POSITIVE": 0.09134615384615384,
    "NEGATIVE": 0.16216216216216217,
    "UNCERTAIN": 0.0
  },
  "temporality_error_rate": {
    "CURRENT": 0.10975609756097561,
    "CLINICAL_HISTORY": 0.08333333333333333,
    "UPCOMING": 0.0,
    "UNCERTAIN": 0.0
  },
  "subject_error_rate": {
    "PATIENT": 0.0,
    "FAMILY_MEMBER": 0.0
  },
  "event_date_accuracy": 1.0,
  "attribute_completeness": 0.8397435897435898
}