{
  "file_name": "463W14981_N991-678203_20241205.json",
  "entity_type_error_rate": {
    "MEDICINE": 0.038461538461538464,
    "PROBLEM": 0.047058823529411764,
    "PROCEDURE": 0.4215686274509804,
    "TEST": 0.0,
    "VITAL_NAME": 0.0392156862745098,
    "IMMUNIZATION": 0.16666666666666666,
    "MEDICAL_DEVICE": 0.2857142857142857,
    "MENTAL_STATUS": 0.16666666666666666,
    "SDOH": 0.5,
    "SOCIAL_HISTORY": 1.0
  },
  "assertion_error_rate": {
    "POSITIVE": 0.07111111111111111,
    "NEGATIVE": 0.04819277108433735,
    "UNCERTAIN": 0.0
  },
  "temporality_error_rate": {
    "CURRENT": 0.4200913242009132,
    "CLINICAL_HISTORY": 0.6875,
    "UPCOMING": 0.046511627906976744,
    "UNCERTAIN": 0.0
  },
  "subject_error_rate": {
    "PATIENT": 0.0,
    "FAMILY_MEMBER": 0.0
  },
  "event_date_accuracy": 1.0,
  "attribute_completeness": 0.7869352869352869
}