{
  "file_name": "579W03668_N991-799671_20241218.json",
  "entity_type_error_rate": {
    "MEDICINE": 0.020689655172413793,
    "PROBLEM": 0.023752969121140142,
    "PROCEDURE": 0.20118343195266272,
    "TEST": 0.03773584905660377,
    "VITAL_NAME": 0.02127659574468085,
    "IMMUNIZATION": 0.0,
    "MEDICAL_DEVICE": 0.2,
    "MENTAL_STATUS": 0.2553191489361702,
    "SDOH": 0.14285714285714285,
    "SOCIAL_HISTORY": 0.14285714285714285
  },
  "assertion_error_rate": {
    "POSITIVE": 0.05989847715736041,
    "NEGATIVE": 0.04,
    "UNCERTAIN": 0.0
  },
  "temporality_error_rate": {
    "CURRENT": 0.40028490028490027,
    "CLINICAL_HISTORY": 0.13309352517985612,
    "UPCOMING": 0.14583333333333334,
    "UNCERTAIN": 0.0
  },
  "subject_error_rate": {
    "PATIENT": 0.0,
    "FAMILY_MEMBER": 1.0
  },
  "event_date_accuracy": 1.0,
  "attribute_completeness": 0.9078665442301805
}