{
  "file_name": "612M65828_N991-802560_20241218.json",
  "entity_type_error_rate": {
    "MEDICINE": 0.016666666666666666,
    "PROBLEM": 0.03383458646616541,
    "PROCEDURE": 0.3882978723404255,
    "TEST": 0.010752688172043012,
    "VITAL_NAME": 0.07142857142857142,
    "IMMUNIZATION": 0.5,
    "MEDICAL_DEVICE": 0.08333333333333333,
    "MENTAL_STATUS": 0.125,
    "SDOH": 0.16666666666666666,
    "SOCIAL_HISTORY": 0.0
  },
  "assertion_error_rate": {
    "POSITIVE": 0.11833333333333333,
    "NEGATIVE": 0.0673076923076923,
    "UNCERTAIN": 0.0
  },
  "temporality_error_rate": {
    "CURRENT": 0.34705882352941175,
    "CLINICAL_HISTORY": 0.456,
    "UPCOMING": 0.25,
    "UNCERTAIN": 0.0
  },
  "subject_error_rate": {
    "PATIENT": 0.0,
    "FAMILY_MEMBER": 0.05555555555555555
  },
  "event_date_accuracy": 1.0,
  "attribute_completeness": 0.8595658073270014
}