{
  "file_name": "612M65828_N991-802560_20241218.json",
  "entity_type_error_rate": {
    "MEDICINE": 0.0,
    "PROBLEM": 0.0,
    "PROCEDURE": 0.19680851063829788,
    "TEST": 0.0,
    "VITAL_NAME": 0.0,
    "IMMUNIZATION": 0.0,
    "MEDICAL_DEVICE": 0.0,
    "MENTAL_STATUS": 0.0,
    "SDOH": 0.0,
    "SOCIAL_HISTORY": 0.0
  },
  "assertion_error_rate": {
    "POSITIVE": 0.5866666666666667,
    "NEGATIVE": 0.0,
    "UNCERTAIN": 0.0
  },
  "temporality_error_rate": {
    "CURRENT": 0.34705882352941175,
    "CLINICAL_HISTORY": 0.456,
    "UPCOMING": 0.25,
    "UNCERTAIN": 0.0
  },
  "subject_error_rate": {
    "PATIENT": 0.0056179775280898875,
    "FAMILY_MEMBER": 0.05555555555555555
  },
  "event_date_accuracy": 1.0,
  "attribute_completeness": 0.8595658073270014
}