{
  "file_name": "630M74464_N991-796490_20241218.json",
  "entity_type_error_rate": {
    "MEDICINE": 0.018867924528301886,
    "PROBLEM": 0.0,
    "PROCEDURE": 0.14027149321266968,
    "TEST": 0.0,
    "VITAL_NAME": 0.0,
    "IMMUNIZATION": 0.0,
    "MEDICAL_DEVICE": 0.0,
    "MENTAL_STATUS": 0.0,
    "SDOH": 0.0,
    "SOCIAL_HISTORY": 0.058823529411764705
  },
  "assertion_error_rate": {
    "POSITIVE": 0.428842504743833,
    "NEGATIVE": 0.0,
    "UNCERTAIN": 0.0
  },
  "temporality_error_rate": {
    "CURRENT": 0.20105820105820105,
    "CLINICAL_HISTORY": 0.2549019607843137,
    "UPCOMING": 0.1780821917808219,
    "UNCERTAIN": 0.0
  },
  "subject_error_rate": {
    "PATIENT": 0.06164383561643835,
    "FAMILY_MEMBER": 0.041666666666666664
  },
  "event_date_accuracy": 1.0,
  "attribute_completeness": 0.9237012987012987
}