{
  "file_name": "630M74464_N991-796490_20241218.json",
  "entity_type_error_rate": {
    "MEDICINE": 0.018867924528301886,
    "PROBLEM": 0.011049723756906077,
    "PROCEDURE": 0.23529411764705882,
    "TEST": 0.03571428571428571,
    "VITAL_NAME": 0.02,
    "IMMUNIZATION": 0.3333333333333333,
    "MEDICAL_DEVICE": 0.1,
    "MENTAL_STATUS": 0.0,
    "SDOH": 0.16666666666666666,
    "SOCIAL_HISTORY": 0.11764705882352941
  },
  "assertion_error_rate": {
    "POSITIVE": 0.08349146110056926,
    "NEGATIVE": 0.14705882352941177,
    "UNCERTAIN": 0.0
  },
  "temporality_error_rate": {
    "CURRENT": 0.20105820105820105,
    "CLINICAL_HISTORY": 0.2549019607843137,
    "UPCOMING": 0.1780821917808219,
    "UNCERTAIN": 0.0
  },
  "subject_error_rate": {
    "PATIENT": 0.0,
    "FAMILY_MEMBER": 0.041666666666666664
  },
  "event_date_accuracy": 1.0,
  "attribute_completeness": 0.9237012987012987
}