{
  "file_name": "712W12471_J721-133074_20241212.json",
  "entity_type_error_rate": {
    "MEDICINE": 0.0,
    "PROBLEM": 0.012195121951219513,
    "PROCEDURE": 0.13924050632911392,
    "TEST": 0.0,
    "VITAL_NAME": 0.0,
    "IMMUNIZATION": 0.0,
    "MEDICAL_DEVICE": 0.0,
    "MENTAL_STATUS": 0.0,
    "SDOH": 0.0,
    "SOCIAL_HISTORY": 0.0
  },
  "assertion_error_rate": {
    "POSITIVE": 0.30970149253731344,
    "NEGATIVE": 0.0,
    "UNCERTAIN": 0.0
  },
  "temporality_error_rate": {
    "CURRENT": 0.3694029850746269,
    "CLINICAL_HISTORY": 0.35714285714285715,
    "UPCOMING": 0.391304347826087,
    "UNCERTAIN": 0.0
  },
  "subject_error_rate": {
    "PATIENT": 0.18387096774193548,
    "FAMILY_MEMBER": 0.0
  },
  "event_date_accuracy": 1.0,
  "attribute_completeness": 0.8915343915343915
}