{
  "file_name": "786W17536_J730-120682_20241219.json",
  "entity_type_error_rate": {
    "MEDICINE": 0.11428571428571428,
    "PROBLEM": 0.04945054945054945,
    "PROCEDURE": 0.2556053811659193,
    "TEST": 0.05154639175257732,
    "VITAL_NAME": 0.05660377358490566,
    "IMMUNIZATION": 0.11538461538461539,
    "MEDICAL_DEVICE": 0.16666666666666666,
    "MENTAL_STATUS": 0.15517241379310345,
    "SDOH": 0.14285714285714285,
    "SOCIAL_HISTORY": 0.038461538461538464
  },
  "assertion_error_rate": {
    "POSITIVE": 0.09595959595959595,
    "NEGATIVE": 0.06666666666666667,
    "UNCERTAIN": 0.0
  },
  "temporality_error_rate": {
    "CURRENT": 0.3422131147540984,
    "CLINICAL_HISTORY": 0.10416666666666667,
    "UPCOMING": 0.37714285714285717,
    "UNCERTAIN": 0.0
  },
  "subject_error_rate": {
    "PATIENT": 0.0,
    "FAMILY_MEMBER": 0.0
  },
  "event_date_accuracy": 1.0,
  "attribute_completeness": 0.8634067952249771
}