{
  "file_name": "786W17536_J730-120682_20241219.json",
  "entity_type_error_rate": {
    "MEDICINE": 0.0,
    "PROBLEM": 0.0,
    "PROCEDURE": 0.08520179372197309,
    "TEST": 0.0,
    "VITAL_NAME": 0.0,
    "IMMUNIZATION": 0.0,
    "MEDICAL_DEVICE": 0.0,
    "MENTAL_STATUS": 0.0,
    "SDOH": 0.07142857142857142,
    "SOCIAL_HISTORY": 0.0
  },
  "assertion_error_rate": {
    "POSITIVE": 0.39225589225589225,
    "NEGATIVE": 0.0,
    "UNCERTAIN": 0.0
  },
  "temporality_error_rate": {
    "CURRENT": 0.3422131147540984,
    "CLINICAL_HISTORY": 0.10416666666666667,
    "UPCOMING": 0.37714285714285717,
    "UNCERTAIN": 0.0
  },
  "subject_error_rate": {
    "PATIENT": 0.009859154929577466,
    "FAMILY_MEMBER": 0.0
  },
  "event_date_accuracy": 1.0,
  "attribute_completeness": 0.8634067952249771
}