{
  "file_name": "819M83517_N991-755638_20241219.json",
  "entity_type_error_rate": {
    "MEDICINE": 0.0,
    "PROBLEM": 0.0,
    "PROCEDURE": 0.24855491329479767,
    "TEST": 0.0,
    "VITAL_NAME": 0.0,
    "IMMUNIZATION": 0.0,
    "MEDICAL_DEVICE": 0.0,
    "MENTAL_STATUS": 0.0,
    "SDOH": 0.14285714285714285,
    "SOCIAL_HISTORY": 0.041666666666666664
  },
  "assertion_error_rate": {
    "POSITIVE": 0.27111984282907664,
    "NEGATIVE": 0.0,
    "UNCERTAIN": 0.0
  },
  "temporality_error_rate": {
    "CURRENT": 0.17467248908296942,
    "CLINICAL_HISTORY": 0.08433734939759036,
    "UPCOMING": 0.08928571428571429,
    "UNCERTAIN": 0.0
  },
  "subject_error_rate": {
    "PATIENT": 0.0,
    "FAMILY_MEMBER": 0.0
  },
  "event_date_accuracy": 1.0,
  "attribute_completeness": 0.8657331136738056
}