{
  "file_name": "944W15109_J721-114759_20241205.json",
  "entity_type_error_rate": {
    "MEDICINE": 0.0,
    "PROBLEM": 0.016666666666666666,
    "PROCEDURE": 0.27586206896551724,
    "TEST": 0.0,
    "VITAL_NAME": 0.0,
    "IMMUNIZATION": 0.0,
    "MEDICAL_DEVICE": 0.0,
    "MENTAL_STATUS": 0.0,
    "SDOH": 0.0,
    "SOCIAL_HISTORY": 0.0
  },
  "assertion_error_rate": {
    "POSITIVE": 0.42105263157894735,
    "NEGATIVE": 0.0,
    "UNCERTAIN": 0.0
  },
  "temporality_error_rate": {
    "CURRENT": 0.23626373626373626,
    "CLINICAL_HISTORY": 0.8421052631578947,
    "UPCOMING": 0.4782608695652174,
    "UNCERTAIN": 0.0
  },
  "subject_error_rate": {
    "PATIENT": 0.25,
    "FAMILY_MEMBER": 0.0
  },
  "event_date_accuracy": 1.0,
  "attribute_completeness": 0.8975468975468975
}